Sexe,Dim1,Dim2
0,0.28579086999481024,4.227170462474077e-17
1,-0.3088469644524897,4.227170462474075e-17
