dimension,inertie
0,0.08826564266613326
1,1.7868970118813295e-33
